{"great": [0.5682557965917351, 0.17693766992299972, 0.18993643512543745, -0.2780914082047978, -0.8753156815199821, -0.14616440151329269, 0.23939092249734445, -0.31070291720579246, 0.6199832095634382, 0.16617984462002244], "cool": [0.5641256072125872, 0.13722982658305447, 0.20823648035171755, -0.2929695723456364, -0.8704480862547579, -0.18822962799771015, 0.24239616047158682, -0.2941009195992256, 0.697964465599171, 0.21475297647656125], "brilliant": [0.5918855018013452, 0.10397786927770165, 0.18125409832798156, -0.32494178069140395, -0.856537650894754, -0.1796672139151317, 0.26035098164719017, -0.3289324465724494, 0.6604228461904655, 0.24158225625024796], "wonderful": [0.5336813277875313, 0.1588452360731217, 0.26518438053682514, -0.34389277627100584, -0.8491692008120084, -0.18613217422541942, 0.26724085300405015, -0.3180910305972478, 0.6581041757437852, 0.200444349833511], "well": [0.5893339401809646, 0.17311813201184942, 0.26909656417479705, -0.3074019009829286, -0.850039005260469, -0.18871896996247903, 0.2710112190336239, -0.30024215026449175, 0.5689872204434451, 0.1536939961285806], "amazing": [0.5902038867844642, 0.14902291975965967, 0.21315969705653712, -0.3142264603667906, -0.9096476218964349, -0.1747190782083154, 0.27440977619393614, -0.28780096142476286, 0.6262885326051713, 0.21474172972714708], "worth": [0.5130535106477789, 0.12034173054704304, 0.19587383631804148, -0.316436913962404, -0.8606295772705052, -0.15101162886733974, 0.22113241716100862, -0.26972358950629455, 0.6690196658223422, 0.16036078186161506], "sweet": [0.5503643010832928, 0.1714318975623613, 0.19039362530118092, -0.32242095517316005, -0.8138360944646922, -0.18346270853248325, 0.23271938859805785, -0.2626053000415241, 0.6257203568118471, 0.2487194300767544], "enjoyable": [0.5738392051934846, 0.12461914284456146, 0.17510717277873966, -0.33024605280163594, -0.7874929465033426, -0.17067349112504734, 0.2458771733792497, -0.28375949976958215, 0.6546620471931931, 0.23489164232336923], "boring": [0.5240450095785575, 0.15703282247734582, 0.18486578812352433, -0.2990130048224246, -0.8831747584261088, -0.18115865274114756, 0.22235910278043777, -0.31756882268031394, 0.5988034434028018, 0.1709255514426481], "bad": [0.5360316771649711, 0.08934057914047365, 0.2201026591060938, -0.30958468615269735, -0.8809548868530361, -0.14538972298246003, 0.21710437130796897, -0.23807251098545695, 0.6330703998035979, 0.2436985722829327], "dumb": [0.570711916915707, 0.1380145076776178, 0.2641854971871885, -0.2713492816853863, -0.8090819545573588, -0.11288020342381073, 0.2872690197930902, -0.3204195674908729, 0.6057968690648794, 0.1795797734455588], "annoying": [0.5804388073936806, 0.10213080454123973, 0.17510467165233629, -0.3301742006378938, -0.8168968873432682, -0.20307898062832577, 0.21580541902126035, -0.2610116632102947, 0.6339996308459204, 0.20636140785935567], "female": [0.6029723815239836, 0.1678931853672474, 0.2252008730596756, -0.28873306487925615, -0.914615719505456, -0.2206997036383445, 0.2238454978107193, -0.27169214724889124, 0.6634932978039563, 0.23203231101065191], "male": [0.6188443180311555, 0.17591224836567163, 0.22018040161594693, -0.3645633008007946, -0.946185436990679, -0.1332260465791465, 0.2991505531133827, -0.3486196050483815, 0.7441098161765463, 0.1977599709720629], "queen": [0.5765894647154783, 0.13192743667861653, 0.2580232704526747, -0.3298032082698655, -0.8289942700272943, -0.19274329913687596, 0.23709843256162172, -0.24203150503481502, 0.5713084097409639, 0.14298922537605854], "king": [0.5560732564209726, 0.1764615412821357, 0.2831234234495479, -0.3367128855390604, -0.9461014688342686, -0.12648395065859477, 0.30612181315592196, -0.33188197122441787, 0.6792991341085513, 0.1913177348583805], "man": [0.6051631423709494, 0.17830144563644149, 0.22784621923285914, -0.29611789220195267, -0.9034636471542419, -0.14556650433904578, 0.20202598684749776, -0.2637285354241915, 0.67687410565457, 0.2142922591761178], "woman": [0.5439297636260636, 0.10716810158149413, 0.193381391486681, -0.30638888462724023, -0.9005115497465598, -0.19854245727352382, 0.28882419764825334, -0.31693694288027685, 0.66557694525432, 0.24864052935984077], "rain": [0.6298504912050584, 0.12301635380852778, 0.22052743188216306, -0.3041738805628178, -0.8506257387146209, -0.1733969491635805, 0.22410525920744057, -0.34460525006932236, 0.7252580609208235, 0.2424684465932567], "snow": [0.571658674146897, 0.1671575262055329, 0.2811586315804148, -0.2976175714836575, -0.9075508328669517, -0.1816726267719763, 0.23397083517042516, -0.2998148033711086, 0.759247651921254, 0.2640055409419276], "hail": [0.42533821691139195, 0.1380455378374832, 0.21177430565076083, -0.195198078379709, -0.6816567081869009, -0.10307706377540067, 0.15071990173178398, -0.2165401966104437, 0.5309049787787798, 0.11659360626879127], "coffee": [0.5362156564666706, 0.18498536534428106, 0.24044513781837565, -0.25154795848531825, -0.7585156275603339, -0.1498086220250574, 0.2525722902250097, -0.24267753083317828, 0.6620631212565935, 0.22504608361898634], "tea": [0.5401340524210244, 0.17011330010004372, 0.16738954188749103, -0.3114928291060685, -0.7716667733777048, -0.17544733406998533, 0.26496092587065895, -0.25197352059897304, 0.6384983316665088, 0.20143552944512608]}